Feature,Final_Score
VAR,0.6194290408708153
MAV,0.49681176948862854
RMS,0.34485763699839334
ZC,0.3333333333333333
WL,0.24276747556268766
SSC,0.23154398754742148
